0,1
0,굽네치킨(역삼1동점)
1,비에이치씨역삼스타점
2,빅스타강남1호점
3,(주)비케이알
4,피제이피자 강남1호점
5,도미노피자역삼점
6,두찜강남논현점
7,청년피자강남1호점
8,한국피자헛강남역삼점
9,주식회사케이에프씨코리아
10,놀부흥부찜닭X삼겹본능논현점
11,파파존스역삼점
12,마왕족발삼성점
13,롯데지알에스(주)
14,뉴욕버거
15,"놀부주방 보쌈,오불장군,김치찜 논현점"
16,또래오래논현&대가집
17,호식이두마리치킨
18,노지푸드
19,투썸플레이스(주)
20,처갓집 양념치킨
20,처갓집 양념치킨
21,(주)골든하인드
22,(주)섹타나인 양재지점
23,할매순대국매봉역점
24,또봉이통닭서초점
25,맘스터치선릉점
26,멕시카나치킨
27,청담족발 강남점
28,본도시락(역삼초교점)
29,희래등
30,공리
31,더하오서초점
32,(주)귀한사람들
33,푸라닭역삼1동점
34,왕손피자 역삼점
35,파스타에 반하다
36,용이네 곱도리탕
37,리밍
38,냠냠족발&보쌈 강남역삼점
39,주식회사우주소년
40,알엔
41,춘리(CHUN-LI)
42,주식회사 기대만족
43,마찌 김치찌개&고기냉면
44,프레드피자 강남점
45,달떡볶이
46,번쩍피자
47,김사부아구찜 강남점
48,굽네치킨(역삼1동점)
49,주식회사 김천재에프앤비
50,공차
51,한국맥도날드(유)
52,46 이너스피자
53,강남상무초밥 강남역점
54,후라이드참잘하는집역삼점
55,제이푸드
56,냠냠족발&보쌈 서초점
57,보배반점 강남직영점
58,홍대 쌀국수
59,한식밥상
52,46 이너스피자
53,강남상무초밥 강남역점
54,후라이드참잘하는집역삼점
55,제이푸드
56,냠냠족발&보쌈 서초점
57,보배반점 강남직영점
58,홍대 쌀국수
59,한식밥상
61,팔당충무김밥국수
62,팔당냉면
63,메이크어딜리버리
64,(주)델리박스푸드
65,든든덮밥
66,정성육(본)
67,롯데지알에스(주)
68,평안도찹쌀순대전문점
69,차고집
70,굽네치킨역삼2동점
71,신화불닭
72,구구족 강남대치점
73,가마로강정한티점
74,에스제이푸드
75,장모님이떴다
76,바다왕국아구찜&해물찜
77,정성이가득찬집밥강남직영점
78,교촌치킨역삼1호점
79,샐러리아 강남점
80,(주)델리박스푸드
81,착한초밥 & 국민횟집
82,당신이 선택한 인생치킨 강남본점
83,㈜핫토리 동대문엽기떡볶이 강남구청역점
84,로이푸드
85,찌웅이네 숯불두마리치킨 강남2호점
86,(주)비지에프리테일
87,교촌치킨 강남역점
88,미친피자 강남점
89,떡순튀논현점
90,김뿌라서초점
91,리칭
92,치킨먹고 팔자피자 강남본점
93,지코바 논현점
94,비에이치씨역삼스타점
95,(주)에이허브
96,주식회사 알엠
97,로뎀
98,비스트로피자강남1호점
99,(주)에스에프이노베이션
100,마라의신대치점
101,마마쿡(대치점)
102,남다른감자탕강남을지병원사거리점
103,분식을 품다
104,김태완스시대치본점
105,교촌치킨도곡점
106,깐부치킨한티점
107,바로덮밥
108,요녀석강남점
109,불닭발동대문엽기떡볶이교대점
110,(주)호현디에스
111,롯데리아학동역점
112,장모님이떴다
113,불닭발동대문엽기떡볶이개포동역점
114,롯데지알에스(주)
115,김영희동태찜앤코다리냉면대치점
116,빅스타강남1호점
117,순살만공격 강남센터점
118,에그폭탄덮밥(논현점)
119,호세야
120,피자나라치킨공주
121,죠스익스프레스 논현본점
123,플러스82커피 강남논현점
124,하우마라탕
125,올바름연구소
126,혼밥대장
127,쿡디퍼(COOKDEEPER)
128,홍콩반점0410 선릉역점
129,황제불닭발
130,혜성키친
131,푸라닭서초2동점
132,주식회사 일상의 외식
133,옐로우피자 논현점
134,우리동네치킨
135,이장군카레와
136,봉구가래떡볶이(강남역삼점)
137,참치앤쿡
138,(주)델리박스푸드
139,마이요거트립 강남역삼점
140,푸드씨
141,미로정
142,교촌치킨대치2호점
143,벌교아줌마
144,(주)비케이알
145,피제이피자 강남1호점
146,피자아이
147,한식의 품격
148,소림마라 신논현점
149,낙곱상회
150,김뿌라서초점
151,푸드모바일강남점
152,만득이곱창
153,도미노피자역삼점
154,비비큐(BBQ)역삼스타점
155,정성에프엔비 강남점
156,룸서비스파이브스타강남점
157,두찜강남논현점
158,페리카나
159,주식회사 기대만족
160,이모네
161,주식회사 투데이즈푸드 (TO DAYS FOOD Inc.)
162,완미족발 논현본점
163,엄지네집
164,우제홍참치
165,난바우동 강남본점
166,(주)섹타나인 양재지점
167,주식회사 고피자 교대역점
168,비오키친 논현점
169,족쓰리
170,(주)비지에프리테일
171,청년피자강남1호점
172,팝스키친
173,(주)섹타나인 양재지점
174,교촌치킨서초3호점
175,구름계란덮밥(강남점)
176,팔당닭발
177,롯데지알에스(주)
178,(주)신세계푸드노브랜드버거역삼역점
179,엠제이컴퍼니
180,과일샵 Cafe 리치 서초점
181,땡초불닭발동대문엽기떡볶이(역삼점)
182,주식회사루아키친19호점
183,올바른스시강남역점
184,언니가 쏜다 강남점
185,찌웅이네 숯불두마리치킨 강남점
186,국제수입식당
187,팔당충무김밥국수
188,와이제이(YJ)컴퍼니
189,소림마라강남점
190,(주)섹타나인 양재지점
191,밀집스테이션강남
192,한국피자헛강남역삼점
193,비알코리아 (주) 강남본점
194,교촌치킨삼성1호
195,신천할매떡볶이
196,또래오래
197,퍼사이공
198,주)신세계푸드노브랜드버거학동역점
199,비에이치씨(BHC) 강남논현
200,스피드24
201,지코바
202,열봉찜닭(강남점)
203,두찜 강남대치점
204,해담아구찜 강남본점
205,청춘국물닭발(강남구청점)
206,토핑폭탄 김치찜&김치찌개 강남점
207,주식회사케이에프씨코리아
208,(주)섹타나인 양재지점
209,버텍스
210,김뿌라서초점
211,몬스터포
212,에그드랍 한티역점
213,민피플강남점
214,(유)아웃백스테이크하우스코리아
215,교촌치킨서초2호점
216,(주)섹타나인 양재지점
217,바스버거
218,남다른감자탕학동사거리점
219,이모네로
220,바스버거
221,두마리찜닭 두찜 서초반포잠원점
222,놀부보쌈삼성역
223,놀부흥부찜닭X삼겹본능논현점
224,한상갈비찜
225,비에이치씨서초교대점
226,파파존스역삼점
227,신마라명가 마라탕&마라샹궈 교대점
228,에그폭탄덮밥(논현점)
229,주식회사 엔엠에프홀딩스
230,써브웨이선릉점
231,써브웨이테헤란로점
232,쌀똑핫도그
233,불닭발동대문엽기떡볶이 양재점
234,마왕족발삼성점
235,무국적식탁 강남점
236,소연이네
237,강남쪽갈비
238,타이반쩜 대치점
239,주식회사써브웨이신논현점
240,(주)섹타나인 양재지점
241,돌우물대치
242,롯데지알에스(주)
243,(주)델리박스푸드
244,전라도맛집
245,(주)청춘에프앤비
246,한식1번가
247,피자송
248,더맛나 논현점
249,가장 맛있는족발선정릉점
250,엄지네집
251,뉴욕버거
252,교촌치킨서초1호점
253,투썸플레이스(주)
254,공리
255,엄지네집
256,왔따쪽갈비강남점
257,순정족발
258,인생백순대
259,크리스피크림강남역지하쇼핑센터점
260,시카고
261,지코바대치1호점
262,죤슨앤바오
263,제이푸드
264,카페(CAFE)HO
265,비에이치씨(BHC)치킨한티역점
266,이장군카레와
267,베테랑할매
268,전라도맛집
269,더하오서초점
270,비에이치씨(BHC) 강남구청역점
271,"놀부주방 보쌈,오불장군,김치찜 논현점"
272,비에이치씨(BHC)압구정역점
273,쥬씨역삼상록회관점
274,닭가대표 강남대표
275,엘에이(LA)갈비찜닭&냉면
276,불닭발동대문엽기떡볶이개포동역점
277,피자아이
278,또래오래논현&대가집
279,(주)섹타나인 양재지점
280,돼지가엔푸드
281,(주)섹타나인 양재지점
282,주식회사뉴광명수산
283,벌교아줌마
284,(주)김영태스시강남본점
285,두마리찜닭두찜서초교대점
286,감탄계숯불치킨대치점
287,청년치킨역삼점
288,싸다김밥역삼점
289,죠스떡볶이
290,(주)설빙강남역지점
291,3일한우국밥역삼직영점
292,피자나라치킨공주역삼점
293,(주)섹타나인 양재지점
294,장모님이떴다
295,평안도순대국감자탕
296,네네치킨역삼1호점
297,카페천국강남점
298,쭈블링쭈꾸미볶음
299,호식이두마리치킨
300,싸다김밥
301,왕빈자삼파전
302,스시무라
303,지코바 양재1호점
304,노지푸드
305,만석
306,김남완초밥
307,(주)섹타나인 양재지점
308,(주)골든하인드
309,대한김치찜
310,죤슨앤바오
311,응급실 국물떡볶이 반포직영점
312,닥엔돈스 강남역삼점
313,(주)인칸토컴퍼니
314,건영F&D(건영에프앤비)
315,(주)섹타나인 양재지점
316,신촌설렁탕
317,주시회사제이에스에스에프앤비
318,엄지네집
319,달구벌반점
320,장모님이떴다
322,왕십리정분네중앙곱창
323,맘스터치포이사거리점
324,백억하누
325,써브웨이언주역점
326,호세야오리바베큐
327,스피드박스
328,(주)섹타나인 양재지점
329,(주)섹타나인 양재지점
330,왔따쪽갈비강남점
331,삼성2동점굽네치킨
332,총각수산153
333,(주)씨티씨앤푸드
334,명가갈비찜 강남점
335,투썸플레이스(주)
336,맘스터치 서초교대점
337,쭈블링쭈꾸미볶음
338,김충기꽃삼겹강남점
339,네네치킨 대치점
340,처갓집 양념치킨
341,주식회사고피자한티역점
342,마왕족발
343,(주)섹타나인 양재지점
344,피자레또
345,이두부야순두부찌개
346,(주)골든하인드
347,테이크파이브
348,페리카나
349,이자카야나무(삼성타운)
350,노란꼬무줄
351,김뿌라서초점
352,맘스터치 한티역점
353,주식회사 루아키친 16호점
354,(주)섹타나인 양재지점
355,아도르
356,(주)섹타나인 양재지점
357,피자레또
358,시카고
359,루돈
360,오르새피자
361,브라더스푸드
362,몬스터포
363,푸라닭 양재점
364,장모님이떴다
365,마유유 마라탕 선릉역점
366,빵빵떡볶이
367,오꼬노미야끼 금
368,(주)골든하인드
369,88시장버거
370,계열사 논현점
371,서초동페리카나치킨
372,놀부보쌈삼성역
373,(주)섹타나인 양재지점
374,형제삼겹본점
375,(주)섹타나인 양재지점
376,"동대문찌개랑,찜이랑"
377,(주)섹타나인 양재지점
378,벌떡 논현점
379,서울김밥
380,장모님이떴다
381,카페천국강남점
382,(주)섹타나인 양재지점
383,(주)골든하인드
384,두마리찜닭두찜서초양재점
385,야한곱창(강남점)
386,오징어나라
387,진배족발
388,피에스푸드(Psfood)
389,뚜레쥬르카페역삼점
390,3일한우국밥논현직영점
391,지코바서초점
392,금커피별빙수
393,(주)섹타나인 양재지점
394,(주)모스버거코리아
395,주식회사 엔엠에프홀딩스
396,(주)섹타나인 양재지점
397,(주)골든하인드
398,페리카나치킨
399,육칠이
400,모쿠816
401,주식회사 진주그린푸드
402,굽네치킨 서초1동점
403,엘에이(LA)갈비찜닭&냉면
404,주식회사 킹케밥
405,(주)섹타나인 양재지점
406,할매순대국매봉역점
407,또봉이통닭서초점
408,선릉냉면·칼국수
409,밥도둑들
410,주식회사천비인
411,피자레또
412,호치킨서초1호점
413,바른치킨개포점
414,새벽대게
415,바세츠아이스크림(양재본점)
416,매불닭발
417,사또통족발
418,지에스(GS25)지에스본점
419,153테이블(153Table)
420,(주)델리박스푸드
421,김양
422,(주)세컨드유레카선릉DV점
423,맘스터치선릉점
424,노란꼬무줄
425,신림백순대전주집
426,영이네
427,푸드스토아(food store)
428,주매니아
429,(주)금성가락유통
430,주식회사 제이티콜라보
431,도야족발
432,멕시카나치킨
433,굽네치킨대치2동점
434,멕시카나서초교대점
435,(주)이트리오(설빙강남역2호점)
436,으뜸베이커리
437,논현푸드
438,(주)코리아세븐역삼하이츠점
439,GS25 역삼2점
440,빙달
441,달려라 김치찜
442,양자강
443,모리향
444,엉클밥 (Uncle Bob)
445,현경본점
446,착한덮밥
447,키즈앤맘
448,정통중화요리홍짬뽕
449,멘부리 강남 1호점
450,(주)에스에프이노베이션
451,오!밥상
452,사천루
453,고수의 레시피
454,(주)에스에프이노베이션
455,도시피자
456,논현밀밭
457,왕재
458,쏘딜리셔스키친
459,유가네닭갈비한티역점
460,노모어피자(역삼점)
461,크앙분식랩
462,일품향
463,죠스샌드위치교대역점
464,써브웨이역삼점
465,(주)비케이알
466,영카츠(YOUNGKATSU) 대치본점
467,피자알볼로&목동버거역삼직영점
468,샐러디 신논현역점
469,볶고비비고
470,(주)레드캡대치점
471,북촌까스
472,(주)비케이알
473,프랭크버거 선릉역점
474,이마트24대치SK점
475,덕수파스타 삼성점
476,커피마마퀸
477,상아김밥 강남우성점
478,주식회사 엔조이서울
479,농업회사법인상도주식회사
480,송원
481,수정방
482,유캔두잇 서초교대점
483,세이프룻 강남점
484,(유)아웃백스테이크하우스코리아
485,생생돈까스논현점
486,본도시락(역삼초교점)
487,주식회사헤비스테이크강남역점
488,오케이치킨&피자 논현점
489,(주)에이허브
490,카페샌드플래닛
491,알로하포케 신논현점
492,(주)두부랩테헤란분식
493,주식회사 아프릴로
494,써브웨이선정릉역점
495,유캔두잇 강남논현점
496,엘에이양분식
497,맘스터치 매봉역점
498,임정호스시
499,샤오차이
500,주식회사 조이
501,포몬스 양재점
502,싸다김밥언주역점
503,메이크어딜리버리
504,(주)써브웨이강남역점
505,한뿌리죽키친
506,생생돈까스강남점
507,동대문엽기떡볶이반포점
508,문숙이미나리식당
509,(주)딘타이펑코리아
510,(주)섹타나인 양재지점
511,감성수작 더보스에이엠(The Boss A.M)
512,오니기리와이규동
513,아모제푸드(주)
514,왓어바웃(Whatabout)서초점
515,주식회사 더벤티코리아
516,논현삼계탕
517,에그드랍신논현역점
518,하이들
519,와이제이(YJ)컴퍼니
520,롯데지알에스(주)
521,(주)섹타나인 양재지점
522,샐러디 강남역점
523,상아김밥
524,(주)섹타나인 양재지점
525,(주)섹타나인 양재지점
526,열정국밥
527,네네치킨도곡점
528,투썸플레이스(주)
529,(주)지에스리테일지에스수퍼강남대치점
530,만땅스시(역삼점)
531,죠샌드위치 매봉점
532,에그드랍 피나클 강남구청역점
533,(주)섹타나인 양재지점
534,죽이야기
535,루엔 쿡
536,에그드랍 양재역점
538,씨유 선정릉역점
539,(주)섹타나인 양재지점
540,도산족발&손칼국수
541,(주)섹타나인 양재지점
542,이삭토스트대치점
543,커리146
544,푸드에이블(Foodable)
545,스시롭다
546,비에이치씨
547,(주)섹타나인 양재지점
548,(주)지에스리테일지에스수퍼강남대치점
549,엔제리너스선릉골드로즈점
550,맵당
551,양평진뚝배기해장국
552,착한초밥 & 국민횟집
553,(주)지에스리테일지에스수퍼강남대치점
554,유한회사나래수산
556,포몬스 양재점
557,전라도밥집 순천댁
558,음식제작소AMW
559,쿠쿠도시락
560,세븐일레븐 강남언주로점
561,김뿌라서초점
562,(주)섹타나인 양재지점
563,착한초밥 & 국민횟집
564,마라지존
565,와썹
566,박고볼래
567,봉구스밥버거
568,미미
569,아낙 잠원점
570,(주)섹타나인 양재지점
571,(주)모스버거코리아
572,여수153수산
573,주식회사 보은수산
574,국제수산
575,배달삼겹맛있으면돼지
576,취빈
577,전라도맛집
578,배달육회 육회한가득
579,고급양식 교대점
580,(주)섹타나인 양재지점
581,붐피자 강남논현점
582,전라도맛집
583,달빛오징어광어
584,(주)섹타나인 양재지점
585,마시내키친
586,죠스익스프레스 논현1호점
588,88곱창 강남점
589,주식회사 인세이버
590,정든닭발양재
